num,subject,q,c1,c2,c3,c4,c5,a
1,min,"補助に関する次のアからオまでの各記述のうち，正しいものを組み合わせたものは，後記１から５までのうちどれか。
ア．家庭裁判所は，精神上の障害により事理を弁識する能力が著しく不十分であり保佐開始の原因がある者についても，補助開始の審判をすることができる。
イ．本人以外の者の請求により補助開始の審判をするには，家庭裁判所が相当と認める場合を除き，本人の同意がなければならない。
ウ．補助開始の原因が消滅したときは，家庭裁判所は，職権で補助開始の審判を取り消すことができる。
エ．補助人の同意を得なければならない行為について，補助人が被補助人の利益を害するおそれがないにもかかわらず同意をしないときは，家庭裁判所は，被補助人の請求により，補助人の同意に代わる許可を与えることができる。
オ．家庭裁判所が特定の法律行為について補助人に代理権を付与する旨の審判をした場合であっても，被補助人は，その法律行為を自らすることができる。",１．ア イ,２．ア オ,３．イ ウ,４．ウ エ,５．エ オ,5
2,min,"法人に関する次のアからオまでの各記述のうち，判例の趣旨に照らし正しいものを組み合わせたものは，後記１から５までのうちどれか。
ア．法人は，その定款に記載された目的に含まれない行為であっても，その目的遂行に必要な行為については，権利能力を有する。
イ．理事が法人の機関として不法行為を行い，法人が不法行為責任を負う場合には，その理事は，個人として不法行為責任を負うことはない。
ウ．法人の代表者が職務権限外の取引行為をし，当該行為が外形的に当該法人の職務行為に属すると認められる場合であっても，相手方がその職務行為に属さないことを知っていたときは，法人は，代表者の当該行為に基づいて相手方に生じた損害の賠償責任を負わない。
エ．外国人が享有することのできない権利であっても，認許された外国法人は，日本において成立する同種の法人と同様に，その権利を取得することができる。
オ．設立登記が成立要件となっている法人について，設立登記がされていなくても，法人としての活動の実態がある場合には，予定されている定款の目的の範囲内での権利能力が認められる。",１．ア ウ,２．ア オ,３．イ ウ,４．イ エ,５．エ オ,1
3,min,"錯誤に関する次のアからオまでの各記述のうち，正しいものを組み合わせたものは，後記１から５までのうちどれか。
ア．錯誤を理由とする意思表示の取消しの可否について，錯誤の重要性は，表意者を基準として判断される。
イ．ＡのＢに対する意思表示がＡの錯誤を理由として取り消すことができるものである場合，Ｂも，Ａの錯誤を理由としてＡの意思表示を取り消すことができる。
ウ．負担のない贈与について贈与者であるＡの錯誤を理由とする取消しがされたが，受贈者であるＢが既に当該贈与契約に基づいて給付を受けていた場合，Ｂは，給付を受けた時に当該贈与契約が取り消すことができるものであることを知らなかったときは，現に利益を受けている限度において返還の義務を負う。
エ．ＡのＢに対する意思表示が錯誤を理由として取り消された場合，Ａは，その取消し前に利害関係を有するに至った善意無過失のＣに，その取消しを対抗することができない。
オ．ＡのＢに対する意思表示が錯誤に基づくものであって，その錯誤がＡの重大な過失によるものであった場合，Ａは，ＢがＡに錯誤があることを知り，又は重大な過失によって知らなかったときを除いて，錯誤を理由としてその意思表示を取り消すことができない。",１．ア イ,２．ア オ,３．イ ウ,４．ウ エ,５．エ オ,4
4,min,"Ａは，Ｂの代理人と称して，Ｃとの間でＢの所有する土地をＣに売却する旨の売買契約を締結したが，実際にはその契約を締結する代理権を有していなかった。この事例に関する次のアからオまでの各記述のうち，判例の趣旨に照らし誤っているものを組み合わせたものは，後記１から５までのうちどれか。
ア．ＡがＣに対する無権代理人の責任を負う場合，Ａは売買契約の履行をするか，又は損害賠償責任を負うかを自ら選択することができる。
イ．Ｂが売買契約を追認した場合，ＡはＣに対する無権代理人の責任を負わない。
ウ．代理権を有しないことを知らないことにつきＣに過失がある場合，Ａは，自己に代理権がないことを知っていたときであっても，Ｃに対する無権代理人の責任を負わない。
エ．売買契約の締結後にＡがＤと共にＢを相続した場合，Ｄの追認がない限り，Ａの相続分に相当する部分においても，売買契約は当然に有効となるものではない。
オ．売買契約の締結後にＢがＡを単独で相続した場合，売買契約は当該相続により当然に有効となるものではない。",１．ア イ,２．ア ウ,３．イ エ,４．ウ オ,５．エ オ,2
5,min,"消滅時効に関する次のアからオまでの各記述のうち，誤っているものを組み合わせたものは，後記１から５までのうちどれか。
ア．債務不履行に基づく損害賠償請求権は，債権者が権利を行使することができることを知った時から５年間行使しない場合，時効によって消滅する。
イ．詐欺を理由とする取消権は，その行為の時から５年間行使しない場合，時効によって消滅する。
ウ．不法行為に基づく損害賠償請求権は，不法行為の時から２０年間行使しない場合，時効によって消滅する。
エ．１０年より短い時効期間の定めのある権利が確定判決によって確定した場合，その時効期間は，短い時効期間の定めによる。
オ．定期金の債権は，債権者が定期金の債権から生ずる金銭その他の物の給付を目的とする各債権を行使することができることを知った時から１０年間行使しない場合，時効によって消滅する。",１．ア ウ,２．ア オ,３．イ エ,４．イ オ,５．ウ エ,3
6,min,"物権的請求権に関する次のアからオまでの各記述のうち，判例の趣旨に照らし正しいものを組み合わせたものは，後記１から５までのうちどれか。
ア．Ａが地上権を有する甲土地に無断でＢがその所有する自動車を放置した場合，Ａは，Ｂに対し，地上権に基づく妨害排除請求権の行使として自動車を撤去するよう求めることはできない。
イ．Ａが所有する鉄塔が自然災害により傾き，鉄塔に隣接するＢの所有する甲建物を損傷させるおそれが生じた場合において，Ｂが所有権に基づく妨害予防請求権の行使として甲建物を損傷させないための措置を講ずるよう求めたときは，Ａは，過去に実際に一度でも甲建物を損傷させたことがないことを理由としてＢの請求を拒むことができる。
ウ．Ａの所有する自動車がＢの所有する山林に無断で放置され，２０年が経過した場合において，ＢがＡに対して所有権に基づく妨害排除請求権の行使として自動車の撤去を求めたときは，Ａは，妨害排除請求権の消滅時効を援用してＢの請求を拒むことができる。
エ．Ａが，Ａ所有の甲土地に洪水のため流されてきた自動車の所有者であるＢに対し，所有権に基づく妨害排除請求権の行使として自動車を撤去するよう求めた場合，Ｂは，所有権侵害について故意過失がないことを主張立証しても，Ａの請求を拒むことはできない。
オ．Ａの所有する甲土地に無断でＢがその所有する自転車を放置した場合において，ＡがＢに対して所有権に基づく妨害排除請求権の行使として自転車を撤去するよう求めたときは，Ｂは，自己が未成年者であることを理由としてＡの請求を拒むことはできない。",１．ア イ,２．ア ウ,３．イ エ,４．ウ オ,５．エ オ,5
7,min,"不動産の物権変動に関する次のアからオまでの各記述のうち，判例の趣旨に照らし正しいものを組み合わせたものは，後記１から５までのうちどれか。
ア．Ａ所有の甲土地をＡがＢに売却し，その後Ａが甲土地をＣに対し売却してその旨の登記がされ，更にＣが甲土地をＤに対し売却してその旨の登記がされた場合において，ＣがＢに対する関係で背信的悪意者に当たるときは，Ｂは，Ｄに対し，甲土地の所有権を登記がなくても主張することができる。
イ．Ａ所有の甲土地をＡがＢに売却し，その旨の登記がされたが，ＡがＢの詐欺を理由としてＡＢ間の売買契約を取り消した後，この取消しについて善意無過失のＣに対しＢが甲土地を売却し，その旨の登記がされた場合，Ａは，Ｃに対し，甲土地の所有権を登記がなくても主張することができる。
ウ．Ａ所有の甲土地をＡがＢに売却し，更にＢがＣに売却し，それぞれその旨の登記がされた場合において，その後，ＡがＡＢ間の売買契約をＢの甲土地の代金不払を理由に解除したときは，Ａは，Ｂの代金不払の事実を知らないＣに対し，甲土地の所有権を主張することができない。
エ．Ａ所有の甲土地をＡがＢに売却し，その旨の登記がされた場合において，その後，これより前から所有の意思をもって甲土地を占有していたＣについて取得時効が完成したときは，Ｃは，Ｂに対し，甲土地の所有権を主張することができない。
オ．甲土地を所有していたＡが遺言を残さずに死亡し，ＢとＣがＡを共同相続し，Ｃが甲土地をＢＣの共有とする共同相続登記をしてＣの持分にＤのために抵当権を設定し，その旨の登記がされた場合において，その後，ＢＣの遺産分割協議により甲土地がＢの単独所有とされたときは，Ｂは，Ｄに対し，抵当権設定登記の抹消を請求することができない。",１．ア イ,２．ア ウ,３．イ エ,４．ウ オ,５．エ オ,4
8,min,"即時取得に関する次のアからオまでの各記述のうち，判例の趣旨に照らし誤っているものを組み合わせたものは，後記１から５までのうちどれか。
ア．Ａは，自己所有の宝石をＢに売却して現実の引渡しをした。その後，Ｂは，宝石をＣに売却して現実の引渡しをした。さらに，その後，Ａは，ＡＢ間の売買契約をＢの強迫を理由として取り消した。この場合，Ｃは，即時取得により宝石の所有権を取得することはない。
イ．未成年者Ａは，自己所有の宝石をＢに売却して現実の引渡しをした。その後，Ａは，ＡＢ間の売買契約を未成年であることを理由として取り消した。この場合，Ｂが即時取得により宝石の所有権を取得することはない。
ウ．Ａは，Ｂ所有の宝石をＢから賃借して引渡しを受けた上，宝石をＣに預けていたが，宝石をＤに売却し，Ｃに対し，宝石を今後Ｄのために占有するよう命じ，Ｄがこれを承諾した。この場合，Ｄは，宝石がＡ所有であると信じ，かつ，そのことに過失がなかったとしても，即時取得により宝石の所有権を取得することはない。
エ．Ａは，Ｂが置き忘れた宝石を，自己所有物であると過失なく信じて持ち帰った。この場合，Ａが即時取得により宝石の所有権を取得することはない。
オ．Ａは，ＢがＣから賃借していた宝石を盗み，Ｄに贈与した。Ｄが宝石をＡの所有物であると過失なく信じて現実の引渡しを受けた場合，Ｂは，宝石の盗難時から２年間は，Ｄに宝石の回復を請求することができる。",１．ア ウ,２．ア エ,３．イ ウ,４．イ オ,５．エ オ,1
9,min,"占有の訴えに関する次のアからオまでの各記述のうち，判例の趣旨に照らし誤っているものを組み合わせたものは，後記１から５までのうちどれか。
ア．Ａは自己の所有するコピー機をＢに賃貸していたが，Ｂはコピー機の賃貸借契約が終了した後もコピー機を使用し続け，Ａに返還しなかった。この場合，Ａは，Ｂに対し，占有回収の訴えによりコピー機の返還を請求することができる。
イ．Ａは，底面に「所有者Ａ」と印字されたシールを貼ってある自己所有のパソコンをＢに窃取された。その後，Ｂは，パソコンの外観に変更を加えることなく，パソコンを盗難の事情を知らないＣに譲渡した。この場合，Ａは，Ｃに対し，占有回収の訴えにより同パソコンの返還を請求することはできない。
ウ．Ａは自己の所有する工作機械をＢに賃貸していたが，Ｂは，工作機械の賃貸借契約継続中に工作機械をＣに窃取された。この場合，Ｂは，Ａから独立して，Ｃに対して占有回収の訴えを提起することができる。
エ．Ａは，自己の所有する自転車をＢに詐取された。この場合，Ａは，Ｂに対し，占有回収の訴えにより自転車の返還を請求することができる。
オ．Ａは，別荘地に土地を所有していた。その隣地の所有者であったＢは，Ａに無断で境界を越えてＡ所有の土地に塀を作り始め，２年後にその塀が完成した。Ａは，この時点において，Ｂに対し，占有保持の訴えによりその塀の撤去を請求することはできない。",１．ア イ,２．ア エ,３．イ ウ,４．ウ オ,５．エ オ,2
10,min,"地上権に関する次のアからオまでの各記述のうち，誤っているものを組み合わせたものは，後記１から５までのうちどれか。
ア．地上権者は，地上権設定者に対し，その地上権の設定登記を請求する権利を有する。
イ．約定による地上権の存続期間は，２０年以上５０年以下の範囲内で定めなければならない。
ウ．地上権は，工作物又は竹木を所有する目的で土地を使用する権利である。
エ．地下又は空間は，工作物を所有するため，上下の範囲を定めて地上権の目的とすることができる。
オ．地上権は，地上権設定者の承諾を得なければ，譲渡することができない。",１．ア イ,２．ア エ,３．イ オ,４．ウ エ,５．ウ オ,3
11,min,"先取特権に関する次のアからオまでの各記述のうち，判例の趣旨に照らし正しいものを組み合わせたものは，後記１から５までのうちどれか。
ア．法人に対して電気料金債権を有する者は，供給した電気がその代表者及びその家族の生活に使用されていた場合，法人の財産について一般の先取特権を有する。
イ．旅館に宿泊客が持ち込んだ手荷物がその宿泊客の所有物でなく他人の所有物であった場合，旅館主は，その手荷物がその宿泊客の所有物であると過失なく信じたときであっても，その手荷物について旅館の宿泊の先取特権を行使することはできない。
ウ．動産の売主は，買主がその動産の転売によって得た売買代金債権につき，買主の一般債権者が当該売買代金債権を差し押さえた後は，動産の売買の先取特権に基づく物上代位権を行使することはできない。
エ．不動産の工事の先取特権の効力を保存するためには，工事を始める前にその費用の予算額を登記しなければならない。
オ．建物賃貸借において，賃借権が適法に譲渡され，譲受人が建物に動産を備え付けた場合，賃貸借関係から生じた賃貸人の債権が譲渡前に発生していたものであっても，不動産の賃貸の先取特権はその動産に及ぶ。",１．ア イ,２．ア オ,３．イ ウ,４．ウ エ,５．エ オ,5
12,min,"債務者Ａは債権者ＢのためにＡの所有する不動産甲に抵当権を設定し，その旨の登記がされた。この場合における抵当権の消滅に関する次のアからオまでの各記述のうち，判例の趣旨に照らし正しいものを組み合わせたものは，後記１から５までのうちどれか。
ア．Ａは，抵当権を実行することができる時から２０年が経過すれば，被担保債権が消滅していなくても，抵当権が時効により消滅したと主張することができる。
イ．甲について，その後，ＡがＣのために抵当権を設定し，その旨の登記がされた場合において，ＢがＡから甲を買い受けたときは，Ｂの抵当権は消滅しない。
ウ．Ａの一般債権者が甲につき強制競売の申立てをし，当該強制競売手続において甲が売却されたときは，Ｂの抵当権は消滅する。
エ．甲について，その後，Ａから譲渡担保権の設定を受けたＤは，譲渡担保権の実行前であっても，抵当権消滅請求をすることにより，Ｂの抵当権を消滅させることができる。
オ．甲が建物である場合において，Ａが故意に甲を焼失させたときは，Ｂの抵当権は消滅しない。",１．ア エ,２．ア オ,３．イ ウ,４．イ オ,５．ウ エ,3
13,min,"債務者Ａが債権者Ｂのために自己の所有する不動産に根抵当権を設定した場合に関する次のアからオまでの各記述のうち，正しいものを組み合わせたものは，後記１から５までのうちどれか。
ア．Ｂは，元本の確定前は，Ａに対する他の債権者Ｃに対してその順位を譲渡することができる。
イ．Ｂの根抵当権にＤのために転根抵当権が設定され，ＢがＡに転根抵当権の設定の通知をした場合，Ａは，元本の確定前であれば，Ｄの承諾を得なくてもＢに弁済することができる。
ウ．元本の確定前に，Ｂが根抵当権によって担保されていた債権をＥに譲渡した場合，それに伴って根抵当権もＥに移転する。
エ．後順位抵当権者Ｆがいる場合，Ａ及びＢが元本確定期日を変更するためには，Ｆの承諾が必要である。
オ．Ｂが数個の不動産について根抵当権を有する場合，同一の債権の担保として数個の不動産の上に根抵当権が設定された旨の登記がその設定と同時にされたときを除き，各不動産の代価についてそれぞれの極度額まで優先権を行使することができる。",１．ア ウ,２．ア エ,３．イ エ,４．イ オ,５．ウ オ,4
14,min,"譲渡担保に関する次のアからオまでの各記述のうち，判例の趣旨に照らし正しいものを組み合わせたものは，後記１から５までのうちどれか。
ア．所有する土地に譲渡担保権を設定した債務者は，債務の弁済期が経過した後は，債権者が担保権の実行を完了する前であっても，債務の全額を弁済して目的物を受け戻すことはできない。
イ．所有する機械に譲渡担保権を設定して譲渡担保権者に現実の引渡しをした債務者Ａは，その債務の弁済をする場合，債務の弁済と譲渡担保権者のＡに対する目的物の引渡しとの同時履行を主張することはできない。
ウ．債務者Ａが所有する構成部分の変動する在庫商品に債権者Ｂのために譲渡担保権が設定された後，商品が滅失し，その損害をてん補するための損害保険金請求権をＡが取得したときは，Ａが営業を継続しているか否かにかかわらず，Ｂは，当該保険金請求権に対して物上代位権を行使することができる。
エ．土地の賃借人が借地上に所有する建物に譲渡担保権を設定した場合，その効力が土地の賃借権に及ぶことはない。
オ．譲渡担保権によって担保されるべき債権の範囲は，強行法規や公序良俗に反しない限り，設定契約の当事者間において元本，利息及び遅延損害金について自由に定めることができる。",１．ア ウ,２．ア エ,３．イ エ,４．イ オ,５．ウ オ,4
15,min,"ＡとＢは，Ａが所有する骨董品甲をＢに１００万円で売却する旨の売買契約を締結した。この事例に関する次のアからオまでの各記述のうち，判例の趣旨に照らし正しいものを組み合わせたものは，後記１から５までのうちどれか。
ア．売買契約の締結後，Ｂが代金１００万円を支払ったが，引渡期日前に，ＡがＢに対して甲を引き渡すつもりは全くないと告げ，Ｂの働きかけにもかかわらず翻意しないときは，Ｂは，引渡期日の到来を待つことなく，Ａに対し，債務の履行に代わる損害の賠償を請求することができる。
イ．売買契約の締結の前日に甲が焼失していたときは，当該売買契約は効力を生じない。
ウ．売買契約の締結後，Ｂが代金１００万円を支払ったが，Ａが甲をＢに引き渡す前に，甲がＢの責めに帰すべき事由により焼失した場合において，Ａが甲の焼失による損害をてん補するために支払われる損害保険金７０万円を得たときは，Ｂは，Ａに対し，７０万円の支払を請求することができる。
エ．売買契約の締結後，Ａが甲をＢに引き渡す前に，甲が第三者の失火により焼失したときは，Ｂの代金支払債務は当然に消滅する。
オ．Ａが引渡期日に甲の引渡しの提供をしたところ，Ｂが正当な理由なく受領を拒絶したため，Ａの下で甲を保管中に，Ａの重過失により甲が滅失したときは，Ｂは，代金の支払を拒むことができない。",１．ア ウ,２．ア エ,３．イ ウ,４．イ オ,５．エ オ,1
16,min,"Ａは，その債権者を害することを知りながら，所有する骨董品甲をＢに贈与し，その際，Ｂも甲の贈与がＡの債権者を害することを知っていた。この事例におけるＡの債権者Ｃによる詐害行為取消権行使に関する次のアからオまでの各記述のうち，正しいものを組み合わせたものは，後記１から５までのうちどれか。
ア．Ｃが詐害行為取消訴訟を提起する場合，Ａを被告としなければならない。
イ．Ｂが，甲の贈与がＡの債権者を害することを知っていたＤに甲を売却し，引き渡した場合，Ｃは，Ｄに対し，ＢＤ間の甲の売買の取消しを請求することができる。
ウ．Ｂが，甲の贈与がＡの債権者を害することを知っていたＤに甲を売却し，引き渡した場合，Ｃは，Ｂに対し，ＡＢ間の甲の贈与の取消しを請求することができる。
エ．Ｃによる詐害行為取消請求を認容する確定判決の効力は，Ａの全ての債権者に対してもその効力を有する。
オ．Ｂが，甲の贈与がＡの債権者を害することを知っていたＤに甲を売却し，引き渡した場合において，ＣのＤに対する詐害行為取消請求を認容する判決が確定したときは，Ｄは，Ｂに対し，代金の返還を請求することができる。",１．ア エ,２．ア オ,３．イ ウ,４．イ オ,５．ウ エ,5
17,min,"ＡＢＣは，Ｄに対して，６０万円の借入金債務（以下「甲債務」という。）を連帯して負担し，負担部分は均等とする合意をしていた。この事例に関する次のアからオまでの各記述のうち，正しいものを組み合わせたものは，後記１から５までのうちどれか。
ア．ＤがＡに対して甲債務の支払請求訴訟を提起し，請求を認容する判決が確定した場合において，Ｄ及びＢが別段の意思を表示していないときは，甲債務の消滅時効は，Ｂについても判決確定の時から新たにその進行を始める。
イ．ＤがＣに対して甲債務を免除する意思表示をした場合において，Ｄ及びＡが別段の意思を表示していないときは，ＤがＡの債務を免除する意思を有していなかったとしても，Ｄは，Ａに対して６０万円の支払を請求することはできない。
ウ．甲債務と相殺適状にある３０万円の乙債務をＤがＣに対して負担している場合において，Ｃが乙債務につき相殺を援用しない間に，ＤがＡに６０万円の支払を請求したときは，Ａは，２０万円についてその支払を拒むことができる。
エ．Ｂは，甲債務の履行期にＤに対して１８万円を支払った場合，Ａ及びＣに求償することはできない。
オ．甲債務と相殺適状にある２０万円の乙債務をＤがＣに対して負担している場合において，Ａが，Ｃが甲債務の連帯債務者であることを知りながら，Ｃに通知せずにＤに６０万円を支払ってＣに求償し，Ｃが乙債務との相殺をもってＡに対抗したときは，Ａは，Ｄに対し，相殺によって消滅すべきであった乙債務２０万円の支払を請求することができる。",１．ア イ,２．ア ウ,３．イ エ,４．ウ オ,５．エ オ,4
18,min,"ＡはＢ銀行に預金口座を開設し，金銭を預け入れた。この事例に関する次のアからオまでの各記述のうち，判例の趣旨に照らし誤っているものを組み合わせたものは，後記１から５までのうちどれか。
ア．Ｃが，Ｂ銀行のＤの預金口座に振込みをするつもりで，誤ってＡの預金口座への１００万円の振込みをＣの取引銀行に依頼し，その振込みが実行された場合，Ｃは，Ｂ銀行に対し，１００万円の支払を請求することができる。
イ．Ａが死亡してＥとＦがＡを相続した場合，Ｅは単独で，Ｂ銀行に対し，Ａ名義の預金口座の取引経過の開示を求めることができる。
ウ．ＡがＢ銀行に対して有する預金債権について，譲渡はできない旨の特約がされていた場合，ＡがＧとの間で，その預金債権をＧに譲渡する契約をしても，Ｇが特約について悪意又は重過失であったときは，その譲渡は効力を生じない。
エ．Ａの預金口座に係る預金が定期預金の場合，Ｂ銀行は，やむを得ない事由がなければ，Ａの同意なしに満期前に預金を払い戻すことはできない。
オ．ＨがＡに対する代金債務の全額をＡＨ間の合意によりＢ銀行のＡの預金口座への振込みによって支払った場合，その債務は，Ｈの振込みによってＡがＢ銀行に対して同額の預金の払戻しを請求する権利を取得した時に，弁済により消滅する。",１．ア ウ,２．ア エ,３．イ ウ,４．イ オ,５．エ オ,2
19,min,"弁済による代位に関する次のアからオまでの各記述のうち，判例の趣旨に照らし誤っているものを組み合わせたものは，後記１から５までのうちどれか。
ア．物上保証人は，被担保債権を弁済した場合，代位により取得した被担保債権につき，対抗要件を備えなくても，これを行使することができる。
イ．保証人は，被担保債権の一部を弁済したが残債務がある場合，その弁済をした価額の限度において，代位により取得した被担保債権及びその担保権を単独で行使することができる。
ウ．保証人Ａと物上保証人Ｂとの間で，Ａが自己の弁済した全額につき債権者に代位することができる旨の特約をした場合において，弁済をしたＡが債権者に代位してＢ所有の不動産上の第一順位の抵当権を行使するときは，Ａはその特約の効力を当該不動産の後順位抵当権者に主張することはできない。
エ．債権者が故意に担保を減少させたとしても，そのことについて取引上の社会通念に照らして合理的な理由がある場合，保証人は，その担保の減少に基づく免責を主張することはできない。
オ．債権者が過失により担保を減少させた後に物上保証人から抵当目的不動産を譲り受けた者は，物上保証人と債権者との間に債権者の担保保存義務を免除する旨の特約がされていたために担保の減少に基づく免責が生じていなかった場合，債権者に対して担保の減少に基づく自己の免責を主張することはできない。",１．ア ウ,２．ア オ,３．イ ウ,４．イ エ,５．エ オ,3
20,min,"安全配慮義務に関する次のアからオまでの各記述のうち，判例の趣旨に照らし誤っているものを組み合わせたものは，後記１から５までのうちどれか。
ア．安全配慮義務違反を理由とする債務不履行に基づく損害賠償を請求する訴訟においては，原告は，安全配慮義務の内容を特定し，義務違反に該当する事実を主張立証する責任を負う。
イ．雇用契約上の安全配慮義務違反により死亡した者の遺族が債務不履行に基づく損害賠償を請求する場合には，遺族固有の慰謝料を請求することはできない。
ウ．元請企業は，下請企業に雇用されている労働者に対しても，特別な社会的接触の関係に入ったものとして，信義則上，安全配慮義務違反を理由とする債務不履行に基づく損害賠償債務を負うことがある。
エ．安全配慮義務違反を理由とする債務不履行に基づく損害賠償債務は，損害発生の時から履行遅滞に陥る。
オ．国の公務員である運転者Ａが公務遂行中に道路交通法上の通常の注意義務に違反して自動車事故を起こし，同乗していた国の公務員Ｂが負傷した場合，国は，Ｂに対し，安全配慮義務違反を理由とする債務不履行に基づく損害賠償債務を負う。",１．ア イ,２．ア エ,３．イ ウ,４．ウ オ,５．エ オ,5
21,min,"法定利率及び約定利率に関する次のアからオまでの各記述のうち，判例の趣旨に照らし正しいものを組み合わせたものは，後記１から５までのうちどれか。
ア．利息を生ずべき債権について約定利率の定めがないときは，その利率は，最初に利息が生じた時点における法定利率による。
イ．法定利率の割合は，３年を一期とするその期ごとに見直され，必ず変更される。
ウ．将来において負担すべき費用についての損害賠償の額を定める場合，その費用を負担すべき時までの利息相当額を法定利率により控除することはできない。
エ．債務者が貸金返還債務の履行を遅滞した場合，債権者は，法定利率又は約定利率により算定された額を超える損害が生じたことを証明しても，当該損害の賠償を請求することができない。
オ．金銭消費貸借契約の利息について法定利率を超える約定利率の定めがある場合，返済を遅滞した借主は，元本及び返済期日までの約定利率の割合による利息に加えて，当該金銭消費貸借契約を締結した時点における法定利率の割合による遅延損害金を返済期日の翌日から支払済みまで支払わなければならない。",１．ア ウ,２．ア エ,３．イ ウ,４．イ オ,５．エ オ,2
22,min,"契約の成立に関する次のアからオまでの各記述のうち，契約が成立していないものの組合せとして正しいものは，後記１から５までのうちどれか。
ア．ＡがＢに対し，承諾の期間を申込みから１週間と定めて撤回の権利の留保なく契約の申込みをし，その２日後に申込みを撤回したが，Ｂは申込みから５日後に承諾した。
イ．Ａが対話中にその終了後も契約の申込みが効力を失わない旨を表示せずに対話者であるＢに対して契約の申込みをしたところ，Ｂは対話終了後の翌日に承諾した。
ウ．Ｂは，Ａによる契約の申込みに対し，承諾の通知を発した後に死亡したが，Ａは，その承諾の通知の到達前にＢ死亡の事実を知っていた。
エ．ＡがＢに対して契約の申込みの通知を発した後に死亡したが，Ａは自らが死亡したとすればその申込みは効力を有しない旨の意思を表示しておらず，ＢはＡ死亡の事実を知らずに承諾した。
オ．ＡがＢに対して承諾の期間を申込みから１週間と定めて契約の申込みをしたところ，Ｂは申込みから１０日後に承諾した。",１．ア ウ,２．ア オ,３．イ エ,４．イ オ,５．ウ エ,4
23,min,"ＡＢ間においてＡの所有する中古の時計甲の売買契約が締結された場合について述べた次のアからオまでの各記述のうち，判例の趣旨に照らし正しいものを組み合わせたものは，後記１から５までのうちどれか。
ア．売買契約において，Ａが甲を引き渡した日から１か月後にＢが代金を支払うことが定められていた場合であっても，Ａ及びＢの債務の履行後に第三者Ｃの詐欺を理由として契約が取り消されたときの双方の原状回復義務は，同時履行の関係に立つ。
イ．売買契約の締結時に甲がＤの住所に存在していたときであっても，引渡しをすべき場所について別段の意思表示がない限り，甲の引渡場所はＢの現在の住所である。
ウ．Ｂが，Ｅとの間で，売買契約における買主たる地位をＥに譲渡する旨の合意をした場合，Ａの承諾の有無にかかわらず，買主たる地位はＥに移転する。
エ．売買契約において契約の締結時には出生していなかったＦに甲の所有権を取得させることが定められた場合，売買契約は無効である。
オ．売買契約において第三者Ｇに甲の所有権を取得させることが定められ，Ｇの受益の意思表示がされた後，Ａが甲の引渡しを遅滞した場合，Ｂは，Ｇの承諾を得なければ，売買契約を解除することができない。",１．ア イ,２．ア オ,３．イ エ,４．ウ エ,５．ウ オ,2
24,min,"他人の権利の売買に関する次のアからオまでの各記述のうち，正しいものを組み合わせたものは，後記１から５までのうちどれか。
ア．売主が他人の権利を取得して買主に移転することができない場合，買主は，契約時にその権利が売主に属しないことを知っていたとしても，それにより損害賠償の請求を妨げられない。
イ．売主が他人の権利を取得して買主に移転することができない場合，そのことについて売主の責めに帰すべき事由が存在しないときであっても，買主は売主に対して損害賠償請求をすることができる。
ウ．売買の目的である権利の一部が他人に属することにより，その権利の一部が買主に移転されず, 履行の追完が不能である場合，そのことについて買主の責めに帰すべき事由が存在しないときは，買主は，催告をすることなく，直ちに代金の減額を請求することができる。
エ．売主が他人の権利を取得して買主に移転することができない場合，買主は，契約時にその権利が売主に属しないことを知っていたときは，契約を解除することができない。
オ．売主が他人の権利を取得して買主に移転することができない場合，買主は，善意の売主に対しては，当該権利が他人の権利であることを知った時から１年以内にその旨を通知しなければ，損害賠償の請求をすることができない。",１．ア ウ,２．ア エ,３．イ ウ,４．イ オ,５．エ オ,1
25,min,"賃貸借に関する次のアからオまでの各記述のうち，誤っているものを組み合わせたものは，後記１から５までのうちどれか。
ア．賃貸不動産が譲渡され，その不動産の賃貸人たる地位がその譲受人に移転したときは，譲渡人が負っていた賃借人に対する費用の償還に係る債務は，譲受人が承継する。
イ．賃貸人は，賃借人の責めに帰すべき事由によって賃貸物の使用及び収益のために修繕が必要となったときであっても，その修繕をする義務を負う。
ウ．賃借物の一部が滅失その他の事由により使用及び収益をすることができなくなった場合において，それが賃借人の責めに帰することができない事由によるものであるときは，賃料は，その使用及び収益をすることができなくなった部分の割合に応じて，減額される。
エ．賃借人が適法に賃借物を転貸し，その後，賃貸人が賃借人との間の賃貸借を合意により解除した場合，賃貸人は，その解除の当時，賃借人の債務不履行による解除権を有していたときであっても，その合意解除をもって転借人に対抗することはできない。
オ．賃貸借が終了した場合，賃借人は，通常の使用及び収益によって生じた賃借物の損耗については，原状に復する義務を負わない。",１．ア ウ,２．ア エ,３．イ エ,４．イ オ,５．ウ オ,3
26,min,"委任に関する次のアからオまでの各記述のうち，判例の趣旨に照らし正しいものを組み合わせたものは，後記１から５までのうちどれか。
ア．委任を解除した者は，その解除の時期にかかわらず，相手方に対する損害賠償責任を負わない。
イ．法律行為でない事務の委託については，法律行為の委任に関する民法の規定は準用されない。
ウ．受任者は，委任事務を処理するのに必要な費用につき，その費用を支払った後でなければ，これを委任者に請求することはできない。
エ．委任者が死亡しても委任が終了しないこととする当事者間の特約がある場合，委任は，委任者が死亡しても当然には終了しない。
オ．委任者が破産手続開始の決定を受けたことによって委任が終了した場合には，委任者は，破産手続開始の決定を受けたことを受任者に通知したとき，又は受任者が破産手続開始決定の事実を知っていたときでなければ，受任者に対し，委任の終了を主張することができない。",１．ア イ,２．ア オ,３．イ ウ,４．ウ エ,５．エ オ,5
27,min,"組合に関する次のアからオまでの各記述のうち，正しいものを組み合わせたものは，後記１から５までのうちどれか。
ア．組合員は，組合財産に属する金銭債権につき，その持分に応じて単独で権利を行使することができる。
イ．組合の業務の決定は，業務執行者があるときであっても，組合員の過半数をもってする。
ウ．組合の存続期間を定めた場合であっても，各組合員は，やむを得ない事由があるときは，脱退することができる。
エ．組合の成立後に新たに加入した組合員は，その加入前に生じた組合の債務について弁済する責任を負わない。
オ．組合員は，組合員の過半数の同意がある場合には，清算前に組合財産の分割を求めることができる。",１．ア イ,２．ア オ,３．イ ウ,４．ウ エ,５．エ オ,4
28,min,"不当利得に関する次のアからオまでの各記述のうち，判例の趣旨に照らし正しいものを組み合わせたものは，後記１から５までのうちどれか。
ア．所有者から寄託された動産を受寄者が売却し，買主に即時取得が成立した場合，買主は，寄託者に対し，不当利得返還義務を負わない。
イ．第三者からだまし取った金銭を用いて債務が弁済された場合において，第三者からだまし取った金銭を用いて債務者が弁済をしたことを知らなかったことについて債権者に過失があるときは，債権者は，当該第三者に対して不当利得返還義務を負う。
ウ．過失により弁済期が到来したものと誤信をして，弁済期が到来する前に債務の弁済としての給付を行った者は，弁済期が到来するまでは，その給付したものの返還を求めることができる。
エ．債務者が債権の受領権限がない者に対し弁済をした場合において，真の債権者がその受領者に対して不当利得返還請求をしたときは，その受領者は，弁済をした債務者に過失があったことを主張して，請求を拒絶することができる。
オ．自らを債務者であると誤信して他人の債務を弁済した者は，債権者が善意でその債権を消滅時効により消滅させてしまった場合，債権者に対し弁済金の返還請求をすることができない。",１．ア ウ,２．ア オ,３．イ ウ,４．イ エ,５．エ オ,2
29,min,"不法行為に関する次のアからオまでの各記述のうち，判例の趣旨に照らし誤っているものを組み合わせたものは，後記１から５までのうちどれか。
ア．金銭債権を有する者が，その債務者を負傷させたことにより不法行為に基づく損害賠償債務を負った場合，当該金銭債権を自働債権，損害賠償債権を受働債権とする相殺をもって債務者に対抗することはできない。
イ．報道により他人の名誉を毀損した報道機関は，その報道が公共の利害に関する事実に係り，専ら公益を図ることに出たものであって，摘示した事実が真実であると信ずるにつき相当な理由があったとしても，その事実が真実であると証明できなかったときは，不法行為責任を負う。
ウ．子が他人の不法行為によって重傷を負った場合，その両親は，そのために子が生命を害されたときにも比肩すべき精神上の苦痛を受けたときは，自己の権利として加害者に慰謝料を請求することができる。
エ．未成年者が責任能力を有し被害者に対する不法行為責任を負う場合であっても，その監督義務者に未成年者に対する監督義務違反があり，その義務違反と当該未成年者の不法行為によって生じた結果との間に相当因果関係が認められるときには，監督義務者は被害者に対する不法行為責任を負う。
オ．使用者が被用者の加害行為につき使用者責任に基づいて第三者に損害賠償責任を負う場合，当該被用者は，加害行為につき故意又は重過失がない限り，当該第三者に対する損害賠償責任を負わない。",１．ア イ,２．ア ウ,３．イ オ,４．ウ エ,５．エ オ,3
30,min,"普通養子縁組に関する次のアからオまでの各記述のうち，誤っているものを組み合わせたものは，後記１から５までのうちどれか。
ア．１７歳の者が縁組をして養子となるには，その法定代理人の同意を得なければならない。
イ．後見人が被後見人を養子とするには，家庭裁判所の許可を得なければならない。
ウ．配偶者のある者が配偶者の嫡出子を養子とする場合には，配偶者の同意を得ることを要しない。
エ．自己の孫を養子とする場合には，その孫が未成年者であっても，家庭裁判所の許可を得ることを要しない。
オ．縁組の当事者の一方が死亡した場合には，他方の当事者は，家庭裁判所の許可を得なければ離縁をすることができない。",１．ア ウ,２．ア オ,３．イ ウ,４．イ エ,５．エ オ,1
31,min,"親権を行う者とその子との間及び子相互間の利益相反行為に関する次のアからオまでの各記述のうち，判例の趣旨に照らし誤っているものを組み合わせたものは，後記１から５までのうちどれか。
ア．親権者が利益相反行為をした場合には，その行為は無権代理行為となる。
イ．親権者が共同相続人である数人の子を代理して遺産分割の協議をすることは，利益相反行為に当たる。
ウ．親権者とその数人の子が共同相続人である場合に，親権者が自ら相続の放棄をすると同時にその子全員を代理して相続の放棄をすることは，利益相反行為に当たらない。
エ．親権者がその子の名義で金銭を借り受け，その子が所有する不動産に抵当権を設定する場合であっても，親権者がその金銭を自らの用途に供する意図を有していたときには，利益相反行為に当たる。
オ．父母が共に親権者である場合に，父とその子との利益が相反する行為をするには，母が親権者として単独でその子のための代理行為をする必要がある。",１．ア ウ,２．ア エ,３．イ ウ,４．イ オ,５．エ オ,5
32,min,"後見に関する次のアからオまでの各記述のうち，誤っているものを組み合わせたものは，後記１から５までのうちどれか。
ア．未成年後見人が数人ある場合，身上の監護に関する権限については，家庭裁判所は，職権で，各未成年後見人が単独で又は数人の未成年後見人が職務を分掌して，その権限を行使すべきことを定めることができる。
イ．成年後見人が成年被後見人を代理してその居住している建物を売却する場合には，家庭裁判所の許可を得なければならない。
ウ．未成年被後見人Ａが成年に達した後後見の計算の終了前にＡと未成年後見人との間で契約を締結した場合，Ａは，その契約を取り消すことができる。
エ．成年後見人が成年被後見人を代理して預金の払戻しを受けるには，後見監督人があるときは，その同意を得なければならない。
オ．任意後見契約が登記されている場合に家庭裁判所が後見開始の審判をするには，本人の利益のため特に必要があると認めるときでなければならない。",１．ア ウ,２．ア エ,３．イ ウ,４．イ オ,５．エ オ,2
33,min,"遺贈に関する次のアからオまでの各記述のうち，判例の趣旨に照らし誤っているものを組み合わせたものは，後記１から５までのうちどれか。
ア．遺贈は，成年に達しなければ，することができない。
イ．寄与分は，被相続人が相続開始の時において有した財産の価額から遺贈の価額を控除した残額を超えることができない。
ウ．相続財産の一部の割合について包括遺贈を受けた者は，相続財産に属する債務を承継しない。
エ．Ａが所有する甲不動産をＢに生前贈与したが，所有権移転登記未了のうちにＣに遺贈する旨の遺言をし，Ａの死亡後にＡからＣへの遺贈を原因とする所有権移転登記がされた場合，ＣがＡの相続人であっても，Ｂは，Ｃに対し，甲不動産の所有権の取得を対抗することができない。
オ．遺贈は，遺言者の死亡以前に受遺者が死亡したときは，その効力を生じない。",１．ア ウ,２．ア オ,３．イ ウ,４．イ エ,５．エ オ,1
34,min,"遺言の執行に関する次のアからオまでの各記述のうち，誤っているものを組み合わせたものは，後記１から５までのうちどれか。
ア．自筆証書遺言に係る遺言書を保管している相続人は，相続の開始を知った後，遅滞なく，遺言書を保管している旨を他の相続人に通知しなければならない。
イ．遺言執行者がないとき，又はなくなったときは，家庭裁判所は，利害関係人の請求によって，これを選任することができる。
ウ．遺言執行者がある場合には，遺贈の履行は，遺言執行者のみが行うことができ，遺言者の相続人がこれを行うことはできない。
エ．遺産分割方法の指定として遺産に属する預金債権の全部を相続人の一人に承継させる旨の遺言があったときは，遺言執行者は，遺言者がその遺言に別段の意思を表示した場合を除き，その預金の払戻しを請求することができる。
オ．遺言執行者は，遺言者がその遺言に別段の意思を表示した場合を除き，やむを得ない事由がなければ，第三者にその任務を行わせることができない。",１．ア ウ,２．ア オ,３．イ ウ,４．イ エ,５．エ オ,2
35,min,"相続と贈与に関する次のアからオまでの各記述のうち，判例の趣旨に照らし誤っているものを組み合わせたものは，後記１から５までのうちどれか。
ア．特別受益に当たる贈与の価額がその受贈者である相続人の具体的相続分の価額を超える場合，その相続人は，超過した価額に相当する財産を他の共同相続人に返還しなければならない。
イ．Ａが，婚姻後２１年が経過した時点で，Ａとその配偶者Ｂが居住するＡ所有のマンション甲をＢに贈与し，その後に死亡した場合，当該贈与については，その財産の価額を相続財産に算入することを要しない旨の意思表示（持戻し免除の意思表示）がされたものと推定される。
ウ．特別受益に当たる贈与は，地震により目的物が滅失した場合であっても，相続開始の時においてなお原状のままであるものとみなしてその価額を定める。
エ．不動産の死因贈与の受贈者Ａが贈与者Ｂの相続人である場合において，限定承認がされたときは，死因贈与に基づくＢからＡへの所有権移転登記が相続債権者Ｃによる差押登記よりも先にされたとしても，Ａは，Ｃに対し，その不動産の所有権の取得を対抗することができない。
オ．特別受益に当たる贈与は，当事者双方が遺留分権利者に損害を加えることを知ってしたものでない場合，相続開始前の１０年間にしたものに限り，遺留分を算定するための財産の価額に算入される。",１．ア イ,２．ア ウ,３．イ オ,４．ウ エ,５．エ オ,2
36,min,"承継人に関する次のアからオまでの各記述のうち，判例の趣旨に照らし誤っているものを組み合わせたものは，後記１から５までのうちどれか。
ア．錯誤によって取り消すことができる行為は，錯誤による意思表示をした者の契約上の地位の承継人も，取り消すことができる。
イ．時効の完成猶予の効力は，その事由が生じた当事者の承継人に対しては生じない。
ウ．占有者の包括承継人は，取得時効に関して，自己の占有のみを主張することもできる。
エ．共有者の一人であるＡが共有物について他の共有者であるＢに対して有する債権は，Ｂの特定承継人に対しては，行使することができない。
オ．遺留分権利者の承継人は，遺留分侵害額に相当する金銭の支払を請求することができる。",１．ア ウ,２．ア オ,３．イ エ,４．イ オ,５．ウ エ,3
37,min,"撤回に関する次のアからオまでの各記述のうち，誤っているものを組み合わせたものは，後記１から５までのうちどれか。
ア．選択債権について債務者が選択権行使の意思表示をした場合，その意思表示は，債権の弁済期前であっても，債権者の承諾を得なければ，撤回することができない。
イ．解除の意思表示は，撤回することができない。
ウ．相続の放棄は，相続の承認又は放棄をすべき期間内は，撤回することができる。
エ．遺贈の承認は，遺贈義務者が履行に着手するまでは，撤回することができる。
オ．遺言者は，その遺言を撤回する権利を放棄することができない。",１．ア イ,２．ア オ,３．イ ウ,４．ウ エ,５．エ オ,4
1,kei,次の１から５までの各記述を判例の立場に従って検討した場合，正しいものはどれか。,１．甲は，Ｘに対し，暴行や脅迫を用いて，自殺するように執拗に要求し，要求に応じて崖から海に飛び込んで自殺するしかないとの精神状態に陥らせた上で，Ｘを崖から海に飛び込ませて死亡させた。この場合，甲に，Ｘに対する殺人罪は成立しない。,２．甲は，追死する意思がないのにあるように装い，その旨誤信したＸに心中を決意させた上で，毒物を渡し，それを飲み込ませて死亡させた。この場合，甲に，Ｘに対する殺人罪は成立しない。,３．甲は，財物を奪取するために，当該財物の占有者Ｘに対し，反抗を抑圧するに足りる程度の暴行や脅迫を用いて，当該財物を差し出すしかないとの精神状態に陥らせた上で，当該財物を差し出させた。この場合，甲に，Ｘに対する強盗罪は成立せず，窃盗罪の間接正犯が成立する。,４．甲は，日頃から暴行を加えて自己の意のままに従わせて万引きをさせていた満１２歳の実子Ｘに対し，これまでと同様に万引きを命じて実行させた。この場合，Ｘが是非善悪の判断能力を有する者であれば，甲に，窃盗罪の間接正犯は成立せず，Ｘとの間で同罪の共同正犯が成立する。,５．甲は，Ｘが管理する工事現場に保管されている同人所有の機械を，同人に成り済まして，甲をＸであると誤信した中古機械買取業者Ｙに売却し，同人に同機械を同所から搬出させた。この場合，甲に，Ｘに対する窃盗罪の間接正犯が成立する。,5
2,kei,横領の罪に関する次の１から５までの各記述を判例の立場に従って検討した場合，誤っているものを２個選びなさい。,１．甲は，乙からの委託に基づき，同人所有の衣類が入った，施錠されていたスーツケース１個を預かり保管していたところ，衣類を古着屋に売却して自己の遊興費を得ようと考え，勝手に開錠し，中から衣類を取り出した。この場合，遅くとも衣類を取り出した時点で不法領得の意思の発現と認められる外部的行為があったといえるから，甲には，横領罪が成立する。,２．甲は，乙と共に一定の目的で積み立てていた現金を１個の金庫の中に入れて共同保管していたところ，乙に無断でその現金全てを抜き取り，自己の遊興費に費消した。この場合，甲には，横領罪が成立する。,３．株式会社の取締役経理部長甲は，同会社の株式の買い占めに対抗するための工作資金として自ら業務上保管していた会社の現金を第三者に交付した。この場合，甲が，会社の不利益を回避する意図を有していたとしても，当該現金の交付が会社にとって重大な経済的負担を伴うもので，甲が自己の弱みを隠す意図をも有していたなど，専ら会社のためにしたとは認められないときは，甲には，業務上横領罪が成立する。,４．甲は，乙から某日までに製茶を買い付けてほしい旨の依頼を受け，その買付資金として現金を預かっていたところ，その現金を確実に補填するあてがなかったにもかかわらず，後日補填するつもりで自己の遊興費に費消した。この場合，甲がたまたま補填することができ，約定どおりに製茶の買い付けを行ったとしても，甲には，横領罪が成立する。,５．甲は，自己が所有し，その旨登記されている土地を乙に売却し，その代金を受領したにもかかわらず，乙への移転登記が完了する前に，同土地に自己を債務者とし丙を抵当権者とする抵当権を設定し，その登記が完了した。この場合，同抵当権が実行されることなく，後日，その登記が抹消されたとしても，甲には，横領罪が成立する。,12
3,kei,"学生Ａ及びＢは，過剰防衛に関する次の【事例】について，後記【会話】のとおり議論している。【会話】の中の①から④までの（ ）内から適切なものを選んだ場合，正しいものの組合せは，後記１から５までのうちどれか。
【事 例】
Ⅰ．甲は，同じ居室にいた乙が机を押し倒してきたため，反撃として，同机を乙に向けて押し返した。これにより，乙は転倒し，左手中指の腱を断裂した。乙は，机の下敷きになっており，直ちに強い攻撃はできなかったが，体勢を立て直せば間もなく攻撃を再開できる状況であった。甲は，引き続き，防衛の意思で，必要な限度を超えて，乙の顔面を殴ったが，これにより乙に怪我は生じなかった。
Ⅱ．甲は，乙からいきなり殴られ，更に攻撃を加えられそうになったので，反撃として，乙の顔面を殴った。乙は転倒して頭部を地面に打ち付け，意識を失って動かなくなったが，腹が立っていた甲は，引き続き，専ら攻撃の意思で，倒れている乙の胸部を蹴り付け，肋骨骨折を負わせた。その後，乙は，頭部を地面に打ち付けた際に生じた脳内出血が原因で死亡した。
【会 話】
学生Ａ. Ⅰの事例で，甲が机を押し返した行為は，急迫不正の侵害に対する反撃だけど，その行為と乙の顔面を殴った行為との関係は，どのように考えるべきだろうか。
学生Ｂ．その点は，時間的・場所的な関係や甲の主観面等に照らし，①（ａ．別個の行為・ｂ．一連一体の行為）と捉えるべきだろう。
学生Ａ．そうすると，甲には，どのような犯罪が成立するだろうか。
学生Ｂ．甲には，②（ｃ．過剰防衛としての傷害罪が成立する・ｄ．暴行罪のみが成立する）だろう。
学生Ａ．Ⅱの事例でも，甲が乙の顔面を殴った行為は，急迫不正の侵害に対する反撃であることに変わりないよね。甲には，どのような犯罪が成立するだろうか。
学生Ｂ．乙が意識を失って動かなくなっているのに，専ら攻撃の意思で蹴り付けているのだから，顔面を殴る行為と胸部を蹴り付ける行為の間には断絶があると思う。甲には，③（ｅ．過剰防衛としての傷害致死罪が成立する・ｆ．傷害罪のみが成立する）という結論が妥当だろう。
学生Ａ．Ⅱの事例で，Ｂ君のように，両暴行の間に断絶があると解すると，④（ｇ．違法性が否定されるべき行為が遡って違法と評価されることになる・ｈ．専ら攻撃の意思で胸部を蹴り付けた場合の方が，防衛の意思で胸部を蹴り付けた場合より軽い罪が成立する）という問題が生じるのではないか。
学生Ｂ．その点は，量刑上考慮すれば足りるという説明が可能なのではないか。",１．①ａ ③ｅ,２．①ｂ ④ｇ,３．②ｄ ③ｅ,４．②ｃ ④ｇ,５．③ｆ ④ｈ,5
4,kei,遺棄の罪に関する次の１から５までの各記述を判例の立場に従って検討した場合，正しいものを２個選びなさい。,１．遺棄罪（刑法第２１７条）の成立には，生命に対する危険の発生が必要である。,２．妊婦の依頼を受け，母体保護法上，許されない堕胎を行った産婦人科医師が，それにより出生した未熟児について，医療設備の整った病院に搬送することが容易であり，同病院の医療を受けさせれば，同児が短期間内に死亡することはなく，むしろ生育する可能性がある場合において，そのことを認識しながら，生存に必要な保護を行わず同児を死亡させたときは，同医師に，保護責任者遺棄等致死罪（刑法第２１９条，第２１８条）が成立し得る。,３．保護責任者遺棄等罪（刑法第２１８条）にいう「老年者，幼年者，身体障害者又は病者」は，例示列挙であり，同罪の客体はそれらの者に限られず，扶助を必要とする者であれば足りる。,４．保護責任者遺棄等致傷罪（刑法第２１９条，第２１８条）には，傷害結果に故意がある場合は含まれない。,５．保護責任者遺棄等罪（刑法第２１８条）における遺棄には，置き去りは含まれない。,24
5,kei,"共犯と錯誤に関する次のアからオまでの各記述を判例の立場に従って検討した場合，正しいものの個数を後記１から５までの中から選びなさい。
ア．甲及び乙がＡに対する暴行を共謀したが，Ａの態度に激高した甲が殺意をもってＡを殺害した場合，甲及び乙に殺人罪の共同正犯が成立するが，乙は傷害致死罪の刑で処断される。
イ．甲及び乙がＡに対する強盗を共謀したが，その強盗の機会に，甲が過失によってＡに傷害を負わせた場合，甲及び乙に強盗致傷罪の共同正犯が成立する。
ウ．甲及び乙が共謀して，公務員Ａに虚偽の内容の公文書の作成を教唆することにしたが，乙はＡを買収することに失敗したため，甲に無断で，Ｂに公文書を偽造することを教唆し，Ｂが公文書を偽造した場合，甲に虚偽公文書作成罪の教唆犯が成立する。
エ．甲が乙にＡ方に侵入して金品を窃取するように教唆して，その犯行を決意させたが，乙はＡ方と誤認して隣のＢ方に侵入してしまい，Ｂ方から金品を窃取した場合，甲にＢ方への住居侵入罪及びＢに対する窃盗罪の教唆犯は成立しない。
オ．甲が乙の傷害行為を幇助する意思で，乙に包丁を貸与したところ，乙が殺意をもってその包丁でＡを刺殺した場合，甲に殺人罪の幇助犯が成立し，傷害致死罪の幇助犯は成立しない。",１．０個,２．１個,３．２個,４．３個,５．４個,2
6,kei,次の１から５までの各記述を判例の立場に従って検討した場合，誤っているものはどれか。,１．甲は，乙から，大学の入学試験を代わりに受けてほしいと頼まれてこれを引き受け，乙に成り済まして入学試験を受け，乙名義で答案を作成して提出した。この場合，甲に有印私文書偽造罪が成立する。,２．甲は，架空請求により金銭をだまし取るために使おうと考え，実在しない「法務局民事訴訟管理センター」名義で，契約不履行による民事訴訟が提起されているので連絡をされたい旨記載されたはがきを印刷し，一般人をして実在する公務所が権限内で作成した公文書であると誤信させるに足りる程度の形式・外観を備えた文書を作成した。この場合，甲に有印公文書偽造罪が成立する。,３. 甲は，Ｘ市立病院の事務長を務める公務員であるが，同病院のために発注書を作成する権限を授与されていないのに，行使の目的で，同病院が業者Ａに医療器具を発注していないにもかかわらず，それを発注した旨を記載した内容虚偽の「Ｘ市立病院事務長甲」名義の発注書を作成した。この場合，甲に虚偽有印公文書作成罪が成立する。,４．甲は，支払督促制度を悪用して乙の財産を不正に差し押さえるなどして金銭を得ようと考え，乙に対する内容虚偽の支払督促を簡易裁判所に申し立てた上，乙宛ての支払督促正本等を配達しようとした郵便配達員に対し，乙本人を装い，郵便送達報告書の「受領者の押印又は署名」欄に乙の氏名を記載して提出し，支払督促正本等を受領した。この場合，甲に有印私文書偽造罪が成立する。,"５．甲は，消費者金融業者に提出する目的で，公文書である乙の国民健康保険被保険者証の氏名欄に自己の氏名が印刷された紙を貼り付けた上で，複写機を使用してこれをコピーし，一般人をして甲の国民健康保険被保険者証の真正なコピーであると誤信させるに足りる程度の形式・外観を備えたものを作成した。この場合，甲に有印公文書偽造罪が成立する。
",3
7,kei,"学生Ａ，Ｂ及びＣは，後記【会話】のとおり議論している。【会話】中の①から⑤までの（ ）内から適切なものを選んだ場合，正しいものの組合せは，後記１から５までのうちどれか。
【会 話】
学生Ａ．人に意図的に害悪を加えることは，本来であれば許されないはずです。それにもかかわらず，刑罰という苦痛を人に与えることが正当化される実質的な根拠は何でしょうか。
学生Ｂ．私は，刑罰は犯罪に対する非難を含むもので，その意味で①（ａ．応報・ｂ．社会統制の手段）としての性質を持ち，②（ｃ．犯罪者の改善更生・ｄ．正義の実現）という観点に照らして，犯罪に対する反作用であること自体に刑罰の正当化根拠を見いだすことができると考えます。もう少し詳しく言うと，自らの意思で犯罪行為を行うことを決意し実行した犯罪者に対して，その意思決定を回顧的に非難する点に刑罰の正当化根拠があるということです。
学生Ｃ．Ｂ君は，③（ｅ．非決定論・ｆ．決定論）の立場を前提にしているのですね。しかし，（①）としての刑罰自体に刑罰を正当化する根拠があるという説明では，刑罰を科すことそれ自体が目的ということになりませんか。刑罰は，国家の制度の一種なのだから，国民の現実的な利益を実現する手段として合目的性の観点から正当化されるべきではないでしょうか。私は，刑罰を科すことが許される根拠は，④（ｇ．被害感情の緩和・ｈ．犯罪の予防）にあると思います。犯罪によって得られる快楽を上回る苦痛を刑罰として予告すれば，一般人に対する威嚇的な効果があるからです。刑罰は（④）という公的利益の達成に資するために，人に科すことが正当化されるのだと思います。
学生Ａ．私も，基本的にＣ君の考えに賛成ですが，（④）の観点を強調しすぎると，⑤（i．責任・ｊ．被害感情）の程度を超える刑罰を科すことも肯定されかねず，刑法の基本原則に反する帰結をもたらすことになるのではないでしょうか。",１．①ａ ③ｆ,２．①ｂ ⑤ｊ,３．②ｄ ④ｈ,４．②ｃ ⑤ｉ,５．③ｅ ④ｇ,3
8,kei,"公務執行妨害罪に関する次のアからオまでの各記述を判例の立場に従って検討し，正しい場合には１を，誤っている場合には２を選びなさい。
ア．甲は，市役所の生活保護係職員乙による生活保護に関する説明に不満を抱き，同人に罵声を浴びせながら抗議するとともに，丸めたパンフレットを同人の顔面付近に２，３回突き付け，そのうち１回はパンフレットの先端が同人の顎に触れ，さらに，約２回にわたり，乙が座っている椅子を両手で持って椅子の前脚を床から持ち上げては落とすことによりその身体を揺さぶった。甲の行為は，公務執行妨害罪にいう「暴行」に当たらないので，甲に公務執行妨害罪は成立しない。
イ．甲は，警察官乙らが捜索差押許可状に基づき甲方の捜索に来た際，乙らにより甲方玄関ドアの鍵が開けられる前に，居室内にあった覚醒剤入りの注射器を足で踏み付けて壊した。甲の行為は，公務執行妨害罪にいう「暴行」に当たらないので，甲に公務執行妨害罪は成立しない。
ウ．窃盗犯人甲は，その窃盗行為を目撃した制服警察官乙から追跡されている途中で，逮捕を免れるため，同人に対し，その反抗を抑圧するに足りる程度の暴行を加えて抵抗し，そのまま逃走した。甲には事後強盗罪のみが成立し，公務執行妨害罪は成立しない。
エ．甲は，日本国内にある外国大使館の職員乙がその大使館の業務に従事していた際に，同人の顔面を殴った。乙は「公務員」に当たらないので，甲に公務執行妨害罪は成立しない。
オ．甲は，税務調査を免れるため，同調査のため甲方に来た所轄税務署職員乙の顔面を殴った。その際，乙は，規則により調査時に携帯が義務付けられている検査章を携帯していなかったが，甲がその呈示を求めることはなかった。乙に規則違反があった以上，乙の調査は職務の権限外の行為であり，甲に公務執行妨害罪は成立しない。",,,,,,21212
9,kei,"原因において自由な行為に関する次の各【見解】に従って後記の各【事例】における甲の罪責を検討した場合，後記１から５までの各【記述】のうち，誤っているものはどれか。
【見 解】
Ａ．責任能力がある状態で行われた原因行為を実行行為と捉える。
Ｂ．責任能力を欠いた状態で行われた結果行為を実行行為と捉えつつ，責任能力は意思決定時に存在すれば足り，必ずしも実行行為時に存在することは必要ない。
【事 例】
Ⅰ．甲は，Ｘ宅に赴いて同人を殺害しようと決意し，心神喪失状態に陥る可能性があることを認識しつつ，自宅において景気づけのために覚醒剤を使用したところ，心神喪失状態に陥り，当初の計画どおりＸを殺害した。
Ⅱ．甲は，Ｘ宅に赴いて同人を殺害しようと決意し，心神喪失状態に陥る可能性があることを認識しつつ，自宅において景気づけのために覚醒剤を使用したところ，心神喪失状態に陥ったが，Ｘ宅には赴かず，Ｘの殺害には及ばなかった。
Ⅲ．甲は，覚醒剤を使用すると粗暴になり周囲に暴行を加える習癖があると知りつつ，覚醒剤を使用した結果，心神喪失状態に陥り，Ｘと口論になり，殺意を生じて同人を殺害した。
【記 述】",１．Ａの見解によれば，事例Ⅰでは，甲に，Ｘに対する殺人既遂罪が成立し得る。,２．Ａの見解を採った上で，未遂犯の成立時期は結果発生の現実的な危険性が生じた段階に求められるべきで，それが常に実行行為の開始段階に認められる必然性はないと考えれば，事例Ⅱでは，甲に，Ｘに対する殺人未遂罪は成立しない。,３．Ａの見解によれば，事例Ⅲでは，甲に，Ｘに対する殺人既遂罪が成立し得る。,４．Ｂの見解によれば，事例Ⅰでは，甲に，Ｘに対する殺人既遂罪が成立し得る。,５．Ｂの見解によれば，事例Ⅱでは，甲に，Ｘに対する殺人未遂罪は成立しない。,3
10,kei,親族間の犯罪に関する特例について次の１から５までの各記述を判例の立場に従って検討した場合，誤っているものはどれか。,１．甲が，実母乙の使用するタンスから，乙がその友人丙から預かり同タンスに保管していた丙所有の宝石を窃取した場合，甲の窃取行為について刑は免除されない。,２．甲が，実父乙の内縁の妻である丙が乙から預かり保管していた乙所有の時計を窃取した場合，甲の窃取行為について刑は免除されない。,３．甲は，家庭裁判所から実父乙の成年後見人に選任されていたところ，後見の事務として業務上預かり保管中の乙の預金を引き出して自己の借金の返済に充てた場合，甲の横領行為について刑は免除されない。,４．甲が，友人乙を教唆して，乙の実父丙が所有し，管理している自動車を窃取させた場合，甲の窃盗教唆行為について刑は免除されない。,５．甲が，同居していない祖父乙を恐喝して同人から現金の交付を受けた場合，甲の恐喝行為について刑は免除されない。,5
11,kei,"次のアからオまでの各記述を判例の立場に従って検討し，正しい場合には１を，誤っている場合には２を選びなさい。
ア．甲及び乙は，深夜，路上を一人で歩いていたＶ女を見付け，約６キロメートル先のひとけのない工事現場にＶ女を連れ込んで強制的にＶ女と性交しようと決意し，二人でＶ女の背後からその身体を抱きかかえながら，付近に停めていた自動車にＶ女を押し込んで乗せ，同車を発進させたが，性交には至らなかった。甲及び乙には，強制性交等未遂罪の共同正犯が成立する。
イ．甲は，強制的にＶ女と性交しようと決意し，深夜，路上において，Ｖ女を押さえ付けて反抗を抑圧したが，付近から人の声が聞こえたため性交を諦めて，Ｖ女のハンドバッグから財布を奪い取ろうと考え，「騒ぐな。殺すぞ。」と申し向けてＶ女の畏怖心を強めた上，財布を奪い取った。甲には，強盗・強制性交等未遂罪が成立する。
ウ．甲は，Ｖが居住する木造家屋に火をつけて焼損しようと考え，同家屋台所において，プロパンガスを多量かつ長時間にわたり放出するとともに，ガソリン約１８リットルを撒布したが，点火行為には至らなかった。甲には，現住建造物等放火未遂罪が成立する。
エ．甲は，Ｖを殺害する意思で，毒入りの菓子を箱詰めし，それをＶ宅に宛てて宅配便で発送した。しかし，仕事に嫌気が差した配達員により，その菓子は配達途中に川に捨てられた。甲には，殺人未遂罪が成立する。
オ．甲は，Ｖ宅に侵入し，金品を強取しようと決意し，Ｖを脅すためのナイフを入手した上，それを携行してＶ宅に向かった。しかし，Ｖ宅に至る手前で，罪悪感を覚え，計画を中止することに決め，自宅に引き返した。甲には，強盗予備罪の中止犯が成立する。",,,,,,12122
12,kei,業務妨害罪に関する次の１から５までの各記述を判例の立場に従って検討した場合，誤っているものはどれか。,１．利用客のキャッシュカードの暗証番号等を盗撮する目的で，現金自動預払機が２台設置されている銀行の無人出張所において，そのうち１台にカメラを設置し，当該現金自動預払機に客を誘導する意図で，一般客を装い，もう１台の現金自動預払機を２時間占拠した場合，偽計業務妨害罪が成立する。,２．講演会の主催者が閲覧する可能性を認識した上，インターネット上の掲示板に，当該講演会の会場に放火するという趣旨の書き込みをし，当該主催者に閲覧させた結果，当該講演会を中止させた場合，威力業務妨害罪が成立する。,３．公職選挙法上の選挙長による立候補届出受理事務を妨害する目的で，その届出場所において，突如大声を発し，ボールペンを机にたたき付けるという暴行・脅迫に至らない言動を用いてその事務を滞らせた場合，威力業務妨害罪が成立する。,４．知人Ａに対する嫌がらせの目的で，同人に成り済まし，同人に無断で宅配ピザ店に電話をかけてピザ５０枚を注文し，これを同人宅まで配達することを依頼して，同店店員にピザ５０枚を作らせ，配達させた場合，偽計業務妨害罪が成立する。,５．弁護士Ｘの弁護士としての活動を困難にさせる目的で，同人から，同人が携行し，その業務にとって重要な訴訟記録等が入ったかばんを奪い取った上，自宅に保管した場合，偽計業務妨害罪が成立する。,5
13,kei,"幇助犯の成否について，学生Ａ及びＢが次の【会話】のとおり議論している。【会話】中の①から⑤までの（ ）内に後記アからオまでの【事例群】から適切な事例を入れた場合，正しいものの組合せは，後記１から５までのうちどれか。
【会 話】
学生Ａ． (①) に，乙に幇助犯は成立すると思うか。
学生Ｂ．幇助行為と結果との間に，物理的因果性も心理的因果性もないと思うので，乙に幇助犯は成立しないだろう。
学生Ａ． (②) は，どうだろうか。
学生Ｂ．乙の行為の有無にかかわらず，生じた結果は同じだったと考えると，共犯行為と結果との間の因果関係に欠けるという結論になるようにも思えるね。
学生Ａ．しかし，幇助犯は，正犯の実行が容易になり，結果の発生が促進されたという関係さえあれば，行為と結果との因果関係を認めるのが判例だろう。
学生Ｂ．なるほど。乙がいることで甲が安心でき，精神的に後押ししたという心理的因果性がありそうなので，乙に幇助犯の成立を認めるべきだね。
学生Ａ． (③) は，どうだろうか。
学生Ｂ． (②) と同じ理由で，乙に幇助犯の成立が認められるように思う。ただ，教唆犯の成立を認める余地もあるかもしれないね。
学生Ａ． (④) は，どうだろうか。
学生Ｂ．判例は片面的幇助を肯定する以上，乙に幇助犯が成立するんじゃないか。
学生Ａ． (⑤) は，どうだろうか。
学生Ｂ．この場合，乙の立場を考えれば，幇助犯が成立すると思うよ。
【事例群】
ア．乙が，甲が空き巣に入ろうとしていることを知りながら，甲に黙ってＶ方玄関の施錠を外したところ，甲が玄関からＶ方に侵入し，空き巣に成功した場合
イ．乙が，空き巣に入ろうと決意していた甲から頼まれ，甲が空き巣に入る際，見張りをしていたところ，特に何も起きないまま，甲が空き巣に成功した場合
ウ．甲が万引きをしようとしていることを目撃した店員乙が，甲と意思を通じることなく，甲の万引きを黙認し，甲が万引きに成功した場合
エ．甲が空き巣に入ることを知り，乙が甲に黙って見張りをしていたが，特に何も起きないまま，甲が空き巣に成功した場合
オ．乙が空き巣に使うことができるものとしてＶ方の合鍵を甲に渡したため，甲がＶ方に行ったが，無施錠であったため合鍵を使わず，空き巣に成功した場合",１．①イ ②エ ③ア ④ウ ⑤オ,２．①イ ②エ ③オ ④ア ⑤ウ,３．①エ ②イ ③ウ ④オ ⑤ア,４．①エ ②イ ③オ ④ア ⑤ウ,５．①エ ②イ ③オ ④ウ ⑤ア,4
14,kei,放火罪に関する次の１から５までの各記述を判例の立場に従って検討した場合，正しいものを２個選びなさい。,１．甲が自己の所有する空き家に放火したが，公共の危険が生じなかった場合，甲には，非現住建造物等放火未遂罪が成立する。,２．甲が乙に頼まれて，乙所有の大型家具を，丙が居住する家屋に近接する甲所有の畑地で燃やし始めたところ，周辺に火の粉が飛び散り，予期に反して，同家屋の屋根のひさしに飛び火して，同ひさしを焼損させたところで火が消し止められた場合，甲には，延焼罪が成立する。,３．甲が住宅内にいる乙を殺害する目的で放火し，住宅が焼失した上，乙が死亡した場合，甲には，殺人罪は成立せず，現住建造物等放火罪のみが成立する。,４．甲が，一部の部屋のみが現に住居に使用されている木造の集合住宅の空き部屋に放火し，同室のみを焼損させた場合，甲には，現住建造物等放火罪が成立する。,５．甲が憂さ晴らしの目的で，甲の世帯を含めて計３０世帯が居住するマンション内部に設置されたエレベーターのかご内に，灯油を染み込ませて点火した新聞紙を投げ入れて放火したが，エレベーターのかごの側壁を焼損したにとどまり，住居部分には延焼しなかった場合，甲には，現住建造物等放火未遂罪が成立する。,24
15,kei,次の１から５までの各記述を判例の立場に従って検討した場合，誤っているものを２個選びなさい。,１．甲は，火災保険金をだまし取る目的で，同居する家族が不在の間に，自宅に放火して焼失させ，その後，火災原因を偽って火災保険金の支払を受けた。この場合，甲には，現住建造物等放火罪及び詐欺罪が成立し，これらは併合罪となる。,２．甲は，強盗目的で，乙方に侵入した上，乙及び丙をそれぞれ殴打して緊縛し，その際，両名に怪我を負わせ，乙が管理していた現金１００万円を強取した。この場合，甲には，住居侵入罪及び１個の強盗致傷罪が成立し，これらは牽連犯となる。,３．甲は，乙を教唆して丙占有の自動車を盗むことを決意させ，乙にこれを実行させた後，乙から頼まれて，同自動車を預かり保管した。この場合，甲には，窃盗教唆罪及び盗品等保管罪が成立し，これらは牽連犯となる。,４．甲は，乙を殺害して金品を強取しようと考え，甲の自宅内で乙を殺害して現金を強取した後，引き続き，その死体を自宅の床下に埋めて遺棄した。この場合，甲には，強盗殺人罪及び死体遺棄罪が成立し，これらは併合罪となる。,５．甲は，乙名義で預金口座を開設する目的で，同人に成り済まし，同人名義で口座開設申込書を作成し，これを銀行の係員に提出して，乙名義の預金通帳の交付を受けた。この場合，甲には，有印私文書偽造罪，同行使罪及び詐欺罪が成立し，これらは牽連犯となる。,23
16,kei,名誉毀損罪及び侮辱罪に関する次の１から５までの各記述を判例の立場に従って検討した場合，正しいものはどれか。,１．名誉毀損罪及び侮辱罪の保護法益は，いずれも人の外部的名誉であり，法人については，侮辱罪の客体になり得ない。,２．死者であっても，その外部的名誉を保護すべきことに変わりはないので，死者の名誉を毀損する事実が摘示された場合も，その事実の真偽にかかわらず，名誉毀損罪が成立し得る。,３．特定かつ少数の者に特定人の名誉を毀損する事実を摘示した場合，その内容が拡散する可能性があったとしても，「公然と」事実を摘示したことにはならない。,４．風評の形式を用いて人の社会的評価を低下させる事実が摘示された場合，刑法第２３０条の２にいう「真実であることの証明」の対象となるのは，風評が存在することではなく，そのような風評の内容たる事実が存在することである。,５．表現方法が嘲笑的であるとか，適切な調査がないまま他人の文章を転写しているなどといった，事実を摘示する際の表現方法や事実調査の程度は，摘示された事実が刑法第２３０条の２にいう「公共の利害に関する事実」に当たるか否かを判断する際に考慮すべき要素の一つである。,4
17,kei,"緊急避難（刑法第３７条第１項）に関する次の【記述】の中の①から⑥までの（ ）内に，後記アからスまでの
【語句群】から適切な語句を入れた場合，（ ）内に入るものの組合せとして正しいものは，後記１から５までのうちどれか。なお，①から⑥までの（ ）内にはそれぞれ異なる語句が入る。
【記 述】緊急避難を（①）と解する見解によれば，その不処罰の根拠は，切迫した心理状態のために適法な行為を期待し得ないことに求められる。この見解によれば，緊急避難によって侵害を転嫁される第三者は緊急避難行為に対して（②）で対抗できることになる。この見解に対しては，刑法第３７条第１項が（③）を守るための緊急避難を認めていることと整合しないという批判がある。他方，緊急避難を（④）と解する見解によれば，その不処罰の根拠は，法益が衝突する状況下で被侵害法益と同等以上の法益を保全する行為は社会全体の利益を（⑤）させるものではないことに求められる。また，この見解に立つと，緊急避難行為に対して（②）で対抗することを認めるのは困難である。さらに，緊急避難を基本的には（④）と解しつつ，保全法益と被侵害法益がいずれも生命である場合には，（①）であると解する見解もある。この見解は，自己又は第三者の生命に対する危難を避けるために無関係の第三者の生命を犠牲にする行為を（⑥）と評価するのは不当であるという考え方に基づくものである。
【語句群】
ア．違法性阻却事由 
イ．責任阻却事由 
ウ．個人的法益 
エ．社会的法益
オ．他人の法益 
カ．自己の法益 
キ．増加 
ク．減少
 ケ．正当行為
コ．正当防衛 
サ．緊急避難 
シ．違法
 ス．違法でない",１．①ア ③ウ ⑤ク,２．①イ ③エ ⑤キ,３．②ケ ④ア ⑥ス,４．②コ ⑤ク ⑥ス,５．③オ ④ア ⑥シ,4
18,kei,"詐欺罪に関する次の【見解】についての後記アからオまでの各【記述】を検討し，正しい場合には１を，誤っている場合には２を選びなさい。
【見 解】
規約上，会員である名義人のみがクレジットカードを利用できるものとされ，その利用者が会員本人であることの確認義務が加盟店に課されている場合，名義人に成り済まし，クレジットカードを利用して商品を購入する行為は，その利用が名義人から許されており，かつ，利用代金が規約に従い名義人において決済されることが見込まれるときであっても，詐欺罪が成立する。
【記 述】
ア．この【見解】に対しては，名義人に依頼されてクレジットカードを利用して商品を購入した場合，詐欺罪の実質的違法性がなく，財産犯として処罰するのは行き過ぎであるとの批判が可能である。
イ．この【見解】は，クレジットカード利用者と名義人の同一性が加盟店にとって商品交付の判断の基礎となる重要な事項に当たると理解している。
ウ．この【見解】によれば，名義人に成り済ましてクレジットカードを利用して商品を購入する行為について，行為者が，当該名義人において現実に決済されるものと誤信していた場合でも，詐欺罪が成立し得ることとなる。
エ．この【見解】は，名義人の個別的な信用を基礎としてクレジットカードシステムが構築されていることを前提に，個々の事案における詐欺罪の成否の判断において，加盟店の経済的損失の有無を重視するものである。
オ．この【見解】に対しては，加盟店が名義人以外の利用であることを知りながら，クレジットカードの利用を認めた場合でも詐欺罪の既遂が成立することになり，妥当ではないとの批判が可能である。",,,,,,11122
19,kei,"故意に関する次の各【見解】についての後記１から５までの各【記述】のうち，誤っているものはどれか。
【見 解】
Ａ．故意の有無については，構成要件を基準にして判断すべきであるところ，殺人罪においては，行為者の認識した事実と発生した事実とが，「およそ人を殺す」という点で一致していれば故意が認められる。また，行為者の認識した客体に対しても，結果が発生した客体に対しても故意犯が成立する。
Ｂ．故意の有無については，構成要件を基準にして判断すべきであるところ，殺人罪においては，行為者の認識した事実と発生した事実とが，「その人を殺す」という点で一致していなければ意犯が成立する。故意は認められない。
【記 述】",１．甲が，Ｘを焼死させようと思い，Ｘの全身に灯油をかけて火をつけたところ，Ｘが熱さに耐えかね，火を消そうとして近くの湖に飛び込んで溺死したという事例においては，Ａ，Ｂいずれの見解でも，甲に殺人既遂罪が成立する。,２．Ａの見解に対しては，甲が殺意をもってＸを狙い拳銃を発射したところ，弾丸がＸの腕を貫通した上，予想外にＹの胸部にも当たり，Ｘを負傷させるとともにＹを死亡させたという事例において，行為者に過剰な故意責任を課すことになり，責任主義に反するとの批判がある。,３．Ｂの見解によれば，【記述】２の事例で，甲にＹに対する殺人既遂罪が成立する。,４．Ｂの見解に対しては，客体の錯誤と方法の錯誤のいずれに当たるのかが必ずしも明らかではない場合において，故意の有無につき，どのように判断するのか明確ではないとの批判がある。,５．Ｂの見解によれば，甲がＸを殺害しようと考え，Ｘと似た者を見付けて，Ｘと思い，その者をナイフで刺し殺したが，実際には，その者はＹであったという事例において，甲にＹに対する殺人既遂罪が成立する。,3
20,kei,"次の【事例】に関する後記アからエまでの各【記述】を判例の立場に従って検討した場合，正しいものの個数を後記１から５までの中から選びなさい。
【事 例】
甲は，某所公園内において，ベンチ上に置いてあるバッグ１個（以下「本件バッグ」という。）を発見し，誰かが置き忘れたものと考え，警察に届け出るため，これを手に取り，同公園から路上に出た。一方，本件バッグをベンチに置き忘れたことに気付いたＶは，同公園に戻ろうとして同路上に至ったところ，甲を発見した。Ｖは，甲が本件バッグを盗んだと疑い，「バッグを返せ。」と言いながら，甲の腹部を２回足で蹴り，甲から本件バッグを奪い，さらに，甲を蹴り上げるような仕草を続けた。甲は，Ｖの暴行を避けようとして，その胸付近を１回平手で突いたところ，その勢いでＶが後方に転倒し，後頭部を路面に打ち付け，失神した。甲は，その頃には，Ｖが本件バッグの所有者であると分かっていたが，Ｖの態度に怒りを覚えたことなどから，本件バッグを自己のものにしようと考え，失神しているＶからこれを取り上げて自宅に持ち帰った。その後，甲が本件バッグ内を確認したところ，Ｖ名義の預金口座のキャッシュカード等在中の財布，Ｖ所有の携帯電話機等の物品が入っていた。甲は，これらを見て，Ｖの氏名，勤務先のほか，携帯電話機にわいせつな盗撮画像が保存されていることを知り，これを奇貨とし，Ｖから上記キャッシュカードの暗証番号を聞き出して上記口座から預金を引き出そうと思い，勤務先にいたＶに電話をかけ，「あんた盗撮してるな。警察に携帯を持って行かれたくないなら，あんたのキャッシュカードの暗証番号を教えろ。」と要求するなどした。Ｖは，この要求を断れば，盗撮の事実が警察に露見すると思い，やむを得ず甲に同暗証番号を教えた。その後，甲は，上記キャッシュカードを用いて現金自動預払機から現金５０万円を引き出した。
【記 述】
ア．甲が本件バッグを警察に届け出るために某所公園内から持ち出した行為は，Ｖによる占有の回復を困難にする行為であるため，窃盗罪又は占有離脱物横領罪が成立する。
イ．Ｖは本件バッグを甲から取り返す目的で暴行を加えており，この暴行は正当行為に該当するため，甲がＶの胸付近を１回平手で突いた行為の違法性が阻却される余地はなく，甲には，暴行罪又は傷害罪が成立する。
ウ．甲が本件バッグをＶから取り上げた行為は，甲の暴行に起因するＶの失神状態に乗じて本件バッグの占有を取得したといえるため，強盗罪が成立する。
エ．甲が現金自動預払機から現金５０万円を引き出した行為は，甲が，これに先行してＶから暗証番号を聞き出した時点で，Ｖの預金の払戻しを受け得る地位を得たことにより，その預金の占有を取得したといえるため，窃盗罪は成立しない。",１．０個,２．１個,３．２個,４．３個,５．４個,1
